name,model,data,epochs,seed,mixup,cutmix,freeze,batch,imgsz,optimizer,lr0,weight_decay
aitod_b1617_pretrain_s1_p0,yolov8n.pt,aitod_b1617_iv.yaml,100,1,0.3,0.0,null,16,640,AdamW,0.000714,0.0005
aitod_b1617_pretrain_s2_p0,yolov8n.pt,aitod_b1617_iv.yaml,100,2,0.3,0.0,null,16,640,AdamW,0.000714,0.0005
aitod_b1617_pretrain_s3_p0,yolov8n.pt,aitod_b1617_iv.yaml,100,3,0.3,0.0,null,16,640,AdamW,0.000714,0.0005
aitod_b1617_scratch_s1_p0,yolov8n.yaml,aitod_b1617_iv.yaml,100,1,0.3,0.0,null,16,640,AdamW,0.000714,0.0005
aitod_b1617_scratch_s2_p0,yolov8n.yaml,aitod_b1617_iv.yaml,100,2,0.3,0.0,null,16,640,AdamW,0.000714,0.0005
aitod_b1617_scratch_s3_p0,yolov8n.yaml,aitod_b1617_iv.yaml,100,3,0.3,0.0,null,16,640,AdamW,0.000714,0.0005
aitod_b3235_pretrain_s1_p0,last.pt,aitod_b3235_iv.yaml,100,1,0.3,0.0,null,16,640,AdamW,0.000714,0.0005
aitod_b3235_scratch_s1_p0,yolov8n.yaml,aitod_b3235_iv.yaml,100,1,0.3,0.0,null,16,640,AdamW,0.000714,0.0005
aitod_b647_pretrain_s1_p0,yolov8n.pt,aitod_b647_iv.yaml,100,1,0.3,0.0,null,16,640,AdamW,0.000714,0.0005
aitod_b647_pretrain_s2_p0,yolov8n.pt,aitod_b647_iv.yaml,100,2,0.3,0.0,null,16,640,AdamW,0.000714,0.0005
aitod_b647_scratch_s1_p0,yolov8n.yaml,aitod_b647_iv.yaml,100,1,0.3,0.0,null,16,640,AdamW,0.000714,0.0005
aitod_b647_scratch_s2_p0,yolov8n.yaml,aitod_b647_iv.yaml,100,2,0.3,0.0,null,16,640,AdamW,0.000714,0.0005
cutmix_only_s42_p0,yolov8n.pt,visdrone25_iv.yaml,50,42,0.0,0.3,null,16,640,AdamW,0.000714,0.0005
cutmix_only_s7_p0,yolov8n.pt,visdrone25_iv.yaml,50,7,0.0,0.3,null,16,640,AdamW,0.000714,0.0005
decouple100_nomixup_p0,yolov8n.pt,visdrone25_iv.yaml,100,42,0.0,0.0,null,16,640,AdamW,0.000714,0.0005
decouple100_nomixup_s1_p0,yolov8n.pt,visdrone25_iv.yaml,100,1,0.0,0.0,null,16,640,AdamW,0.000714,0.0005
decouple100_nomixup_s2_p0,yolov8n.pt,visdrone25_iv.yaml,100,2,0.0,0.0,null,16,640,AdamW,0.000714,0.0005
decouple100_nomixup_s3_p0,yolov8n.pt,visdrone25_iv.yaml,100,3,0.0,0.0,null,16,640,AdamW,0.000714,0.0005
decouple100_nomixup_s7_p0,yolov8n.pt,visdrone25_iv.yaml,100,7,0.0,0.0,null,16,640,AdamW,0.000714,0.0005
decouple50_mixup03_p0,yolov8n.pt,visdrone25_iv.yaml,50,42,0.3,0.0,null,16,640,AdamW,0.000714,0.0005
decouple50_mixup03_s7_p0,yolov8n.pt,visdrone25_iv.yaml,50,7,0.3,0.0,null,16,640,AdamW,0.000714,0.0005
distill_p0,yolov8n.pt,visdrone25_iv.yaml,50,42,0.1,0.0,null,16,640,AdamW,0.000714,0.0005
distill_s1_p0,yolov8n.pt,visdrone25_iv.yaml,50,1,0.1,0.0,null,16,640,AdamW,0.000714,0.0005
distill_s2_p0,yolov8n.pt,visdrone25_iv.yaml,50,2,0.1,0.0,null,16,640,AdamW,0.000714,0.0005
distill_s3_p0,yolov8n.pt,visdrone25_iv.yaml,50,3,0.1,0.0,null,16,640,AdamW,0.000714,0.0005
distill_s7_p0,yolov8n.pt,visdrone25_iv.yaml,50,7,0.1,0.0,null,16,640,AdamW,0.000714,0.0005
exp1_50_p0,yolov8n.pt,visdrone25_iv.yaml,50,42,0.0,0.0,null,16,640,AdamW,0.000714,0.0005
exp1_50_s1_p0,yolov8n.pt,visdrone25_iv.yaml,50,1,0.0,0.0,null,16,640,AdamW,0.000714,0.0005
exp1_50_s2_p0,yolov8n.pt,visdrone25_iv.yaml,50,2,0.0,0.0,null,16,640,AdamW,0.000714,0.0005
exp1_50_s3_p0,yolov8n.pt,visdrone25_iv.yaml,50,3,0.0,0.0,null,16,640,AdamW,0.000714,0.0005
exp1_50_s7_p0,yolov8n.pt,visdrone25_iv.yaml,50,7,0.0,0.0,null,16,640,AdamW,0.000714,0.0005
freeze10_p0,yolov8n.pt,visdrone25_iv.yaml,50,42,0.0,0.0,10,16,640,AdamW,0.000714,0.0005
freeze10_s1_p0,yolov8n.pt,visdrone25_iv.yaml,50,1,0.0,0.0,10,16,640,AdamW,0.000714,0.0005
freeze10_s2_p0,yolov8n.pt,visdrone25_iv.yaml,50,2,0.0,0.0,10,16,640,AdamW,0.000714,0.0005
freeze10_s3_p0,yolov8n.pt,visdrone25_iv.yaml,50,3,0.0,0.0,10,16,640,AdamW,0.000714,0.0005
freeze10_s7_p0,yolov8n.pt,visdrone25_iv.yaml,50,7,0.0,0.0,10,16,640,AdamW,0.000714,0.0005
freeze20_p0,yolov8n.pt,visdrone25_iv.yaml,50,42,0.0,0.0,20,16,640,AdamW,0.000714,0.0005
freeze20_s1_p0,yolov8n.pt,visdrone25_iv.yaml,50,1,0.0,0.0,20,16,640,AdamW,0.000714,0.0005
freeze20_s2_p0,yolov8n.pt,visdrone25_iv.yaml,50,2,0.0,0.0,20,16,640,AdamW,0.000714,0.0005
freeze20_s3_p0,yolov8n.pt,visdrone25_iv.yaml,50,3,0.0,0.0,20,16,640,AdamW,0.000714,0.0005
freeze20_s7_p0,yolov8n.pt,visdrone25_iv.yaml,50,7,0.0,0.0,20,16,640,AdamW,0.000714,0.0005
freeze2_s42_p0,yolov8n.pt,visdrone25_iv.yaml,50,42,0.0,0.0,2,16,640,AdamW,0.000714,0.0005
freeze2_s7_p0,yolov8n.pt,visdrone25_iv.yaml,50,7,0.0,0.0,2,16,640,AdamW,0.000714,0.0005
freeze4_s42_p0,yolov8n.pt,visdrone25_iv.yaml,50,42,0.0,0.0,4,16,640,AdamW,0.000714,0.0005
freeze4_s7_p0,yolov8n.pt,visdrone25_iv.yaml,50,7,0.0,0.0,4,16,640,AdamW,0.000714,0.0005
freeze6_s42_p0,yolov8n.pt,visdrone25_iv.yaml,50,42,0.0,0.0,6,16,640,AdamW,0.000714,0.0005
freeze6_s7_p0,yolov8n.pt,visdrone25_iv.yaml,50,7,0.0,0.0,6,16,640,AdamW,0.000714,0.0005
freeze8_s42_p0,yolov8n.pt,visdrone25_iv.yaml,50,42,0.0,0.0,8,16,640,AdamW,0.000714,0.0005
freeze8_s7_p0,yolov8n.pt,visdrone25_iv.yaml,50,7,0.0,0.0,8,16,640,AdamW,0.000714,0.0005
mixup01_p0,yolov8n.pt,visdrone25_iv.yaml,50,42,0.1,0.0,null,16,640,AdamW,0.000714,0.0005
mixup01_s1_p0,yolov8n.pt,visdrone25_iv.yaml,50,1,0.1,0.0,null,16,640,AdamW,0.000714,0.0005
mixup01_s2_p0,yolov8n.pt,visdrone25_iv.yaml,50,2,0.1,0.0,null,16,640,AdamW,0.000714,0.0005
mixup01_s3_p0,yolov8n.pt,visdrone25_iv.yaml,50,3,0.1,0.0,null,16,640,AdamW,0.000714,0.0005
mixup01_s7_p0,yolov8n.pt,visdrone25_iv.yaml,50,7,0.1,0.0,null,16,640,AdamW,0.000714,0.0005
mixup03_50ep_s42_p0,yolov8n.pt,visdrone25_iv.yaml,50,42,0.3,0.0,null,16,640,AdamW,0.000714,0.0005
mixup03_50ep_s7_p0,yolov8n.pt,visdrone25_iv.yaml,50,7,0.3,0.0,null,16,640,AdamW,0.000714,0.0005
mixup05_p0,yolov8n.pt,visdrone25_iv.yaml,50,42,0.5,0.0,null,16,640,AdamW,0.000714,0.0005
mixup05_s1_p0,yolov8n.pt,visdrone25_iv.yaml,50,1,0.5,0.0,null,16,640,AdamW,0.000714,0.0005
mixup05_s2_p0,yolov8n.pt,visdrone25_iv.yaml,50,2,0.5,0.0,null,16,640,AdamW,0.000714,0.0005
mixup05_s3_p0,yolov8n.pt,visdrone25_iv.yaml,50,3,0.5,0.0,null,16,640,AdamW,0.000714,0.0005
mixup05_s7_p0,yolov8n.pt,visdrone25_iv.yaml,50,7,0.5,0.0,null,16,640,AdamW,0.000714,0.0005
mixup_cutmix_p0,yolov8n.pt,visdrone25_iv.yaml,50,42,0.3,0.3,null,16,640,AdamW,0.000714,0.0005
mixup_cutmix_s1_p0,yolov8n.pt,visdrone25_iv.yaml,50,1,0.3,0.3,null,16,640,AdamW,0.000714,0.0005
mixup_cutmix_s2_p0,yolov8n.pt,visdrone25_iv.yaml,50,2,0.3,0.3,null,16,640,AdamW,0.000714,0.0005
mixup_cutmix_s3_p0,yolov8n.pt,visdrone25_iv.yaml,50,3,0.3,0.3,null,16,640,AdamW,0.000714,0.0005
mixup_cutmix_s7_p0,yolov8n.pt,visdrone25_iv.yaml,50,7,0.3,0.3,null,16,640,AdamW,0.000714,0.0005
neudet_proposed_p0,yolov8n.pt,neu_iv.yaml,100,42,0.3,0.0,null,16,640,AdamW,0.000714,0.0005
neudet_proposed_s1_p0,yolov8n.pt,neu_iv.yaml,100,1,0.3,0.0,null,16,640,AdamW,0.000714,0.0005
neudet_proposed_s2_p0,yolov8n.pt,neu_iv.yaml,100,2,0.3,0.0,null,16,640,AdamW,0.000714,0.0005
neudet_proposed_s3_p0,yolov8n.pt,neu_iv.yaml,100,3,0.3,0.0,null,16,640,AdamW,0.000714,0.0005
neudet_proposed_s7_p0,yolov8n.pt,neu_iv.yaml,100,7,0.3,0.0,null,16,640,AdamW,0.000714,0.0005
neudet_scratch_p0,yolov8n.yaml,neu_iv.yaml,100,42,0.3,0.0,null,16,640,AdamW,0.000714,0.0005
neudet_scratch_s1_p0,yolov8n.yaml,neu_iv.yaml,100,1,0.3,0.0,null,16,640,AdamW,0.000714,0.0005
neudet_scratch_s2_p0,yolov8n.yaml,neu_iv.yaml,100,2,0.3,0.0,null,16,640,AdamW,0.000714,0.0005
neudet_scratch_s3_p0,yolov8n.yaml,neu_iv.yaml,100,3,0.3,0.0,null,16,640,AdamW,0.000714,0.0005
neudet_scratch_s7_p0,yolov8n.yaml,neu_iv.yaml,100,7,0.3,0.0,null,16,640,AdamW,0.000714,0.0005
nomosaic_mixup03_s42_p0,yolov8n.pt,visdrone25_iv.yaml,50,42,0.3,0.0,null,16,640,AdamW,0.000714,0.0005
nomosaic_mixup03_s7_p0,yolov8n.pt,visdrone25_iv.yaml,50,7,0.3,0.0,null,16,640,AdamW,0.000714,0.0005
nomosaic_nomixup_s42_p0,yolov8n.pt,visdrone25_iv.yaml,50,42,0.0,0.0,null,16,640,AdamW,0.000714,0.0005
nomosaic_nomixup_s7_p0,yolov8n.pt,visdrone25_iv.yaml,50,7,0.0,0.0,null,16,640,AdamW,0.000714,0.0005
proposed100_p0,yolov8n.pt,visdrone25_iv.yaml,100,42,0.3,0.0,null,16,640,AdamW,0.000714,0.0005
proposed100_s1_p0,yolov8n.pt,visdrone25_iv.yaml,100,1,0.3,0.0,null,16,640,AdamW,0.000714,0.0005
proposed100_s2_p0,yolov8n.pt,visdrone25_iv.yaml,100,2,0.3,0.0,null,16,640,AdamW,0.000714,0.0005
proposed100_s3_p0,yolov8n.pt,visdrone25_iv.yaml,100,3,0.3,0.0,null,16,640,AdamW,0.000714,0.0005
proposed100_s7_p0,yolov8n.pt,visdrone25_iv.yaml,100,7,0.3,0.0,null,16,640,AdamW,0.000714,0.0005
scale100_p0,yolov8n.pt,visdrone100_iv.yaml,100,42,0.3,0.0,null,16,640,AdamW,0.000714,0.0005
scale100_s1_p0,yolov8n.pt,visdrone100_iv.yaml,100,1,0.3,0.0,null,16,640,AdamW,0.000714,0.0005
scale100_s7_p0,yolov8n.pt,visdrone100_iv.yaml,100,7,0.3,0.0,null,16,640,AdamW,0.000714,0.0005
scale10_p0,yolov8n.pt,visdrone10_iv.yaml,100,42,0.3,0.0,null,16,640,AdamW,0.000714,0.0005
scale10_s1_p0,yolov8n.pt,visdrone10_iv.yaml,100,1,0.3,0.0,null,16,640,AdamW,0.000714,0.0005
scale10_s7_p0,yolov8n.pt,visdrone10_iv.yaml,100,7,0.3,0.0,null,16,640,AdamW,0.000714,0.0005
scale50_p0,yolov8n.pt,visdrone50_iv.yaml,100,42,0.3,0.0,null,16,640,AdamW,0.000714,0.0005
scale50_s1_p0,yolov8n.pt,visdrone50_iv.yaml,100,1,0.3,0.0,null,16,640,AdamW,0.000714,0.0005
scale50_s7_p0,yolov8n.pt,visdrone50_iv.yaml,100,7,0.3,0.0,null,16,640,AdamW,0.000714,0.0005
scratch100_mixup03_p0,yolov8n.yaml,visdrone25_iv.yaml,100,42,0.3,0.0,null,16,640,AdamW,0.000714,0.0005
scratch100_mixup03_s7_p0,yolov8n.yaml,visdrone25_iv.yaml,100,7,0.3,0.0,null,16,640,AdamW,0.000714,0.0005
scratch100_nomixup_p0,yolov8n.yaml,visdrone25_iv.yaml,100,42,0.0,0.0,null,16,640,AdamW,0.000714,0.0005
scratch100_nomixup_s7_p0,yolov8n.yaml,visdrone25_iv.yaml,100,7,0.0,0.0,null,16,640,AdamW,0.000714,0.0005
scratch200_s42_p0,yolov8n.yaml,visdrone25_iv.yaml,200,42,0.0,0.0,null,16,640,AdamW,0.000714,0.0005
scratch200_s7_p0,yolov8n.yaml,visdrone25_iv.yaml,200,7,0.0,0.0,null,16,640,AdamW,0.000714,0.0005
scratch50_p0,yolov8n.yaml,visdrone25_iv.yaml,50,42,0.0,0.0,null,16,640,AdamW,0.000714,0.0005
scratch50_s1_p0,yolov8n.yaml,visdrone25_iv.yaml,50,1,0.0,0.0,null,16,640,AdamW,0.000714,0.0005
scratch50_s2_p0,yolov8n.yaml,visdrone25_iv.yaml,50,2,0.0,0.0,null,16,640,AdamW,0.000714,0.0005
scratch50_s3_p0,yolov8n.yaml,visdrone25_iv.yaml,50,3,0.0,0.0,null,16,640,AdamW,0.000714,0.0005
scratch50_s7_p0,yolov8n.yaml,visdrone25_iv.yaml,50,7,0.0,0.0,null,16,640,AdamW,0.000714,0.0005
smoke_staged2,yolov8n.pt,visdrone25_iv.yaml,2,1,0.3,0.0,null,16,640,AdamW,0.000714,0.0005
staged_late_s1_p0,yolov8n.pt,visdrone25_iv.yaml,100,1,0.3,0.0,null,16,640,AdamW,0.000714,0.0005
staged_late_s2_p0,yolov8n.pt,visdrone25_iv.yaml,100,2,0.3,0.0,null,16,640,AdamW,0.000714,0.0005
staged_linear_s1_p0,yolov8n.pt,visdrone25_iv.yaml,100,1,0.3,0.0,null,16,640,AdamW,0.000714,0.0005
staged_linear_s2_p0,yolov8n.pt,visdrone25_iv.yaml,100,2,0.3,0.0,null,16,640,AdamW,0.000714,0.0005
v5n_p0,yolov5n.pt,visdrone25_iv.yaml,50,42,0.0,0.0,null,16,640,AdamW,0.000714,0.0005
v5n_rec_p0,yolov5n.pt,visdrone25_iv.yaml,100,42,0.3,0.0,null,16,640,AdamW,0.000714,0.0005
v5n_rec_s7_p0,yolov5n.pt,visdrone25_iv.yaml,100,7,0.3,0.0,null,16,640,AdamW,0.000714,0.0005
v8s_p0,yolov8s.pt,visdrone25_iv.yaml,50,42,0.0,0.0,null,8,640,AdamW,0.000714,0.0005
v8s_rec_p0,yolov8s.pt,visdrone25_iv.yaml,100,42,0.3,0.0,null,8,640,AdamW,0.000714,0.0005
v8s_rec_s7_p0,yolov8s.pt,visdrone25_iv.yaml,100,7,0.3,0.0,null,8,640,AdamW,0.000714,0.0005
